{"dist_thresh": 0.35666405033808446, "dbscan_eps": 0.09165073778585772, "error": 1.5}